{"technology":
 {
   "0": "java",
   "1": "C",
   "2": "C#",
   "3": "C++",
   "4": "Java",
   "5": "JavaScript",
   "6": "Python",
   "7": "Scala",
   "8": "Oracle",
   "9": "SQL Server",
   "10": "MySQL Server",
   "11": "PostgreSQL",
   "12": "MongoDB",
   "13": "java",
   "14": "C",
   "15": "C#",
   "16": "C++",
   "17": "Java",
   "18": "JavaScript",
   "19": "Python",
   "20": "Scala",
   "21": "Oracle",
   "22": "SQL Server",
   "23": "MySQL Server",
   "24": "PostgreSQL",
   "25": "MongoDB",
   "26": "C",
   "27": "MySQL Server",
   "28": "SQL Server",
   "29": "PostgreSQL",
   "30": "Java",
   "31": "PostgreSQL",
   "32": "Java",
   "33": "C",
   "34": "MongoDB",
   "35": "Oracle",
   "36": "PostgreSQL",
   "37": "MongoDB",
   "38": "MySQL Server",
   "39": "Java",
   "40": "JavaScript",
   "41": "Python",
   "42": "C",
   "43": "MongoDB",
   "44": "MySQL Server",
   "45": "PostgreSQL",
   "46": "Oracle",
   "47": "Java",
   "48": "JavaScript",
   "49": "Java",
   "50": "Java",
   "51": "MySQL Server",
   "52": "C++",
   "53": "JavaScript",
   "54": "MySQL Server",
   "55": "PostgreSQL",
   "56": "PostgreSQL",
   "57": "Java",
   "58": "Java",
   "59": "C#",
   "60": "Python",
   "61": "SQL Server",
   "62": "MySQL Server",
   "63": "Java",
   "64": "MySQL Server",
   "65": "PostgreSQL",
   "66": "Java",
   "67": "C#",
   "68": "PostgreSQL",
   "69": "Oracle",
   "70": "C#",
   "71": "C#",
   "72": "PostgreSQL",
   "73": "Java",
   "74": "JavaScript",
   "75": "Java",
   "76": "Oracle",
   "77": "MySQL Server",
   "78": "MySQL Server",
   "79": "MySQL Server",
   "80": "Java",
   "81": "Java",
   "82": "Oracle",
   "83": "JavaScript",
   "84": "PostgreSQL",
   "85": "MongoDB",
   "86": "Java",
   "87": "MongoDB",
   "88": "JavaScript",
   "89": "C++",
   "90": "Oracle",
   "91": "MongoDB",
   "92": "SQL Server",
   "93": "C++",
   "94": "Oracle",
   "95": "JavaScript",
   "96": "Java",
   "97": "java",
   "98": "MongoDB",
   "99": "C#",
   "100": "MySQL Server",
   "101": "PostgreSQL",
   "102": "MongoDB",
   "103": "java",
   "104": "Python",
   "105": "Java",
   "106": "MongoDB",
   "107": "MongoDB",
   "108": "C++",
   "109": "MySQL Server",
   "110": "Java",
   "111": "PostgreSQL",
   "112": "Python",
   "113": "java",
   "114": "SQL Server",
   "115": "Java",
   "116": "Python",
   "117": "JavaScript",
   "118": "PostgreSQL",
   "119": "PostgreSQL",
   "120": "C++",
   "121": "MySQL Server",
   "122": "MongoDB",
   "123": "C#",
   "124": "PostgreSQL",
   "125": "PostgreSQL",
   "126": "C++",
   "127": "Oracle",
   "128": "Python",
   "129": "JavaScript",
   "130": "MongoDB",
   "131": "PostgreSQL",
   "132": "MySQL Server",
   "133": "C#",
   "134": "MySQL Server",
   "135": "PostgreSQL",
   "136": "PostgreSQL",
   "137": "MySQL Server",
   "138": "Scala",
   "139": "C++",
   "140": "MongoDB",
   "141": "C++",
   "142": "MongoDB",
   "143": "Java",
   "144": "Java",
   "145": "java",
   "146": "SQL Server",
   "147": "Python",
   "148": "java",
   "149": "SQL Server",
   "150": "JavaScript",
   "151": "JavaScript",
   "152": "C#",
   "153": "JavaScript",
   "154": "Java",
   "155": "PostgreSQL",
   "156": "PostgreSQL",
   "157": "Java",
   "158": "C++",
   "159": "JavaScript",
   "160": "Java",
   "161": "Oracle",
   "162": "Python",
   "163": "Oracle",
   "164": "java",
   "165": "C#",
   "166": "Java",
   "167": "PostgreSQL",
   "168": "PostgreSQL",
   "169": "Python",
   "170": "Java",
   "171": "MySQL Server",
   "172": "C#",
   "173": "Python",
   "174": "Python",
   "175": "SQL Server",
   "176": "MongoDB",
   "177": "Java",
   "178": "C#",
   "179": "MongoDB",
   "180": "Oracle",
   "181": "Python",
   "182": "Scala",
   "183": "PostgreSQL",
   "184": "Scala",
   "185": "C#",
   "186": "Java",
   "187": "Java",
   "188": "C++",
   "189": "Python",
   "190": "MongoDB",
   "191": "Java",
   "192": "MongoDB",
   "193": "C++",
   "194": "PostgreSQL",
   "195": "Java",
   "196": "C#",
   "197": "MySQL Server",
   "198": "Oracle",
   "199": "Java",
   "200": "Java",
   "201": "MongoDB",
   "202": "Python",
   "203": "SQL Server",
   "204": "C",
   "205": "Oracle",
   "206": "Python",
   "207": "Python",
   "208": "MongoDB",
   "209": "Scala",
   "210": "PostgreSQL",
   "211": "Oracle",
   "212": "Java",
   "213": "MongoDB",
   "214": "C",
   "215": "MongoDB",
   "216": "Oracle",
   "217": "Python",
   "218": "Java",
   "219": "MySQL Server",
   "220": "JavaScript",
   "221": "PostgreSQL",
   "222": "Oracle",
   "223": "Python",
   "224": "Python",
   "225": "JavaScript",
   "226": "MongoDB",
   "227": "Java",
   "228": "MySQL Server",
   "229": "JavaScript",
   "230": "Java",
   "231": "Oracle",
   "232": "JavaScript",
   "233": "PostgreSQL",
   "234": "MySQL Server",
   "235": "MySQL Server",
   "236": "Oracle",
   "237": "Scala",
   "238": "Java",
   "239": "C#",
   "240": "Oracle",
   "241": "Oracle",
   "242": "java",
   "243": "PostgreSQL",
   "244": "MongoDB",
   "245": "PostgreSQL",
   "246": "MongoDB",
   "247": "Scala",
   "248": "MySQL Server",
   "249": "Oracle",
   "250": "Java",
   "251": "C#",
   "252": "PostgreSQL",
   "253": "MongoDB",
   "254": "Scala",
   "255": "JavaScript"
   
 },
 "number of job posting":
 {
   "0": "1",
   "1": "10",
   "2": "1",
   "3": "1",
   "4": "2",
   "5": "4",
   "6": "1",
   "7": "5",
   "8": "0",
   "9": "1",
   "10": "0",
   "11": "1",
   "12": "0",
   "13": "1",
   "14": "20",
   "15": "2",
   "16": "3",
   "17": "2",
   "18": "3",
   "19": "2",
   "20": "7",
   "21": "0",
   "22": "1",
   "23": "0",
   "24": "1",
   "25": "0",
   "26": "26",
   "27": "0",
   "28": "1",
   "29": "0",
   "30": "2",
   "31": "0",
   "32": "2",
   "33": "15",
   "34": "0",
   "35": "1",
   "36": "0",
   "37": "1",
   "38": "0",
   "39": "1",
   "40": "2",
   "41": "5",
   "42": "40",
   "43": "1",
   "44": "0",
   "45": "0",
   "46": "1",
   "47": "6",
   "48": "4",
   "49": "8",
   "50": "1",
   "51": "0",
   "52": "2",
   "53": "4",
   "54": "0",
   "55": "1",
   "56": "1",
   "57": "2",
   "58": "3",
   "59": "1",
   "60": "2",
   "61": "2",
   "62": "1",
   "63": "1",
   "64": "1",
   "65": "0",
   "66": "1",
   "67": "0",
   "68": "0",
   "69": "1",
   "70": "1",
   "71": "0",
   "72": "0",
   "73": "2",
   "74": "2",
   "75": "1",
   "76": "0",
   "77": "1",
   "78": "0",
   "79": "0",
   "80": "2",
   "81": "3",
   "82": "0",
   "83": "5",
   "84": "0",
   "85": "2",
   "86": "2",
   "87": "2",
   "88": "3",
   "89": "2",
   "90": "0",
   "91": "1",
   "92": "1",
   "93": "2",
   "94": "0",
   "95": "2",
   "96": "2",
   "97": "1",
   "98": "1",
   "99": "0",
   "100": "0",
   "101": "0",
   "102": "1",
   "103": "2",
   "104": "7",
   "105": "1",
   "106": "1",
   "107": "0",
   "108": "2",
   "109": "1",
   "110": "2",
   "111": "0",
   "112": "2",
   "113": "1",
   "114": "2",
   "115": "2",
   "116": "2",
   "117": "3",
   "118": "0",
   "119": "1",
   "120": "2",
   "121": "0",
   "122": "1",
   "123": "1",
   "124": "1",
   "125": "1",
   "126": "2",
   "127": "0",
   "128": "1",
   "129": "3",
   "130": "0",
   "131": "0",
   "132": "0",
   "133": "1",
   "134": "1",
   "135": "0",
   "136": "0",
   "137": "0",
   "138": "5",
   "139": "1",
   "140": "0",
   "141": "2",
   "142": "0",
   "143": "1",
   "144": "2",
   "145": "1",
   "146": "4",
   "147": "1",
   "148": "1",
   "149": "2",
   "150": "5",
   "151": "2",
   "152": "1",
   "153": "3",
   "154": "1",
   "155": "1",
   "156": "1",
   "157": "2",
   "158": "1",
   "159": "3",
   "160": "3",
   "161": "0",
   "162": "2",
   "163": "0",
   "164": "0",
   "165": "1",
   "166": "1",
   "167": "1",
   "168": "0",
   "169": "3",
   "170": "2",
   "171": "0",
   "172": "1",
   "173": "3",
   "174": "1",
   "175": "1",
   "176": "1",
   "177": "2",
   "178": "1",
   "179": "1",
   "180": "1",
   "181": "3",
   "182": "6",
   "183": "0",
   "184": "4",
   "185": "0",
   "186": "1",
   "187": "2",
   "188": "2",
   "189": "2",
   "190": "1",
   "191": "1",
   "192": "0",
   "193": "2",
   "194": "1",
   "195": "1",
   "196": "1",
   "197": "0",
   "198": "1",
   "199": "1",
   "200": "1",
   "201": "0",
   "202": "2",
   "203": "1",
   "204": "20",
   "205": "0",
   "206": "1",
   "207": "4",
   "208": "0",
   "209": "7",
   "210": "1",
   "211": "0",
   "212": "1",
   "213": "0",
   "214": "53",
   "215": "0",
   "216": "0",
   "217": "3",
   "218": "6",
   "219": "0",
   "220": "6",
   "221": "1",
   "222": "0",
   "223": "2",
   "224": "2",
   "225": "5",
   "226": "1",
   "227": "3",
   "228": "1",
   "229": "1",
   "230": "1",
   "231": "1",
   "232": "2",
   "233": "1",
   "234": "0",
   "235": "0",
   "236": "1",
   "237": "3",
   "238": "2",
   "239": "1",
   "240": "1",
   "241": "0",
   "242": "1",
   "243": "1",
   "244": "1",
   "245": "1",
   "246": "1",
   "247": "8",
   "248": "1",
   "249": "0",
   "250": "1",
   "251": "1",
   "252": "1",
   "253": "1",
   "254": "2",
   "255": "3"
 }
}
